497602001,V,13/02/2004,"16 29 32 36 41","7 9","15.000.000,00",,0,53.121.018,0,29.216.560
498302001,V,20/02/2004,"7 13 39 47 50","2 5","0,00",,0,28.198.002,0,15.508.901
499002001,V,27/02/2004,"14 18 19 31 37","4 5","0,00",,0,27.556.482,0,15.156.065
499702001,V,05/03/2004,"4 7 33 37 39","1 5","20.678.070,00",,0,29.224.216,0,16.073.319
500402001,V,12/03/2004,"15 24 28 44 47","4 5","0,00",,0,25.603.856,0,14.082.121
501102001,V,19/03/2004,"33 36 37 42 45","4 9","0,00",,0,24.759.610,0,13.617.786
501802001,V,26/03/2004,"3 4 10 23 43","2 4","0,00",,0,26.399.064,0,14.519.485
502502001,V,02/04/2004,"4 12 24 27 36","2 9","0,00",,0,27.852.408,0,15.318.824
503202001,V,09/04/2004,"1 4 10 19 23","2 8","25.556.285,00",,0,26.551.762,0,14.603.469
503902001,V,16/04/2004,"14 15 28 35 40","1 3","0,00",,0,24.940.302,0,13.717.166
504602001,V,23/04/2004,"6 10 21 45 49","3 5","0,00",,0,24.934.794,0,13.714.137
505302001,V,30/04/2004,"5 6 16 23 27","6 7","0,00",,0,28.395.366,0,15.617.451
506002001,V,07/05/2004,"15 16 21 36 38","1 5","0,00",,0,33.226.620,0,18.274.641
506702001,V,14/05/2004,"1 3 21 32 39","2 6","33.816.137,00",,0,38.161.368,0,20.988.752
507402001,V,21/05/2004,"15 29 37 39 49","4 9","10.000.000,00",,0,26.448.306,0,14.546.568
508102001,V,28/05/2004,"6 11 35 41 44","5 6","0,00",,0,25.205.810,0,13.863.196
508802001,V,04/06/2004,"9 13 34 41 42","3 7","12.488.171,00",,0,24.881.708,0,13.684.939
509502001,V,11/06/2004,"2 7 8 10 47","1 7","0,00",,0,23.281.652,0,12.804.909
510202001,V,18/06/2004,"2 23 28 40 43","2 6","12.286.876,00",,0,22.868.760,0,12.577.818
510902001,V,25/06/2004,"3 21 30 34 35","1 2","0,00",,0,21.703.442,0,11.936.893
511602001,V,02/07/2004,"4 23 24 28 34","1 3","0,00",,0,22.146.424,0,12.180.533
512302001,V,09/07/2004,"2 5 12 19 44","8 9","0,00",,0,23.563.984,0,12.960.191
513002001,V,16/07/2004,"24 26 31 38 50","5 8","0,00",,0,23.866.774,0,13.126.726
513702001,V,23/07/2004,"7 10 27 31 34","3 8","0,00",,0,23.850.366,0,13.117.701
514402001,V,30/07/2004,"9 10 19 37 50","1 6","0,00",,0,26.499.586,0,14.574.772
515102001,V,06/08/2004,"5 15 24 35 44","5 6","24.746.858,00",,0,27.541.438,0,15.147.791
515802001,V,13/08/2004,"20 27 41 43 50","5 8","0,00",,0,24.665.822,0,13.566.202
516502001,V,20/08/2004,"6 9 10 27 35","6 8","0,00",,0,21.071.080,0,11.589.094
517202001,V,27/08/2004,"1 11 22 28 44","1 9","0,00",,0,21.745.324,0,11.959.928
517902001,V,03/09/2004,"8 12 14 15 34","6 7","0,00",,0,23.372.122,0,12.854.667
518602001,V,10/09/2004,"5 25 33 36 38","2 5","0,00",,0,25.277.096,0,13.902.403
519302001,V,17/09/2004,"15 18 29 39 41","5 8","0,00",,0,27.003.622,0,14.851.992
520002001,V,24/09/2004,"21 26 27 44 48","1 7","0,00",,0,28.286.614,0,15.557.638
520702001,V,01/10/2004,"12 20 21 45 48","5 6","29.785.269,00",,0,33.110.222,0,18.210.622
521402001,V,08/10/2004,"1 10 12 16 48","2 6","0,00",,0,36.215.360,0,19.918.448
522102001,V,15/10/2004,"14 21 22 37 43","5 8","0,00",,0,38.873.384,0,21.380.361
522802001,V,22/10/2004,"1 9 23 25 40","3 9","25.059.130,00",,0,43.482.338,0,23.915.286
523502001,V,29/10/2004,"1 8 32 35 38","4 9","0,00",,0,37.781.086,0,20.779.597
524202001,V,05/11/2004,"6 19 25 42 49","1 7","0,00",,0,38.664.850,0,21.265.668
524902001,V,12/11/2004,"4 11 12 13 32","3 9","0,00",,0,41.590.726,0,22.874.899
525602001,V,19/11/2004,"1 18 29 34 37","6 2","0,00",,0,50.994.946,0,28.047.220
526302001,V,26/11/2004,"1 4 24 34 36","6 8","43.756.502,00",,0,66.535.856,0,36.594.721
527002001,V,03/12/2004,"1 11 15 42 49","3 4","0,00",,0,43.347.496,0,23.841.123
527702001,V,10/12/2004,"1 3 13 16 43","2 7","0,00",,0,44.475.640,0,24.461.602
528402001,V,17/12/2004,"15 19 22 46 49","2 9","26.215.627,00",,0,48.393.694,0,26.616.532
529102001,V,24/12/2004,"3 4 27 29 37","5 6","10.000.000,00",,0,45.467.600,0,25.007.180
529802001,V,31/12/2004,"7 8 24 25 47","8 9","0,00",,0,46.261.970,0,25.444.084
530502001,V,07/01/2005,"3 23 27 47 50","2 3",,,0,11.643.666,0,0
531202001,V,14/01/2005,"6 11 14 19 29","1 3",,,0,12.957.520,0,0
531902001,V,21/01/2005,"10 12 14 24 26","5 8",,,0,11.730.142,0,0
532602001,V,28/01/2005,"7 21 26 43 45","5 7",,,0,12.319.098,0,0
533302001,V,04/02/2005,"1 8 11 30 40","7 8",,,0,12.634.668,0,0
534002001,V,11/02/2005,"11 13 25 32 50","4 7",,,0,14.678.196,0,0
534702001,V,18/02/2005,"20 21 26 32 46","8 9",,,0,11.185.762,0,0
535402001,V,25/02/2005,"3 27 30 43 44","4 8",,,0,10.882.842,0,0
536102001,V,04/03/2005,"12 24 32 37 39","7 9",,,0,11.375.328,0,0
536802001,V,11/03/2005,"8 12 23 40 43","1 4",,,0,12.362.974,0,0
537502001,V,18/03/2005,"6 23 39 43 48","5 7",,,0,13.191.082,0,0
538202001,V,25/03/2005,"4 29 33 37 38","6 9",,,0,11.965.116,0,0
538902001,V,01/04/2005,"25 26 41 44 47","3 7",,,0,16.316.256,0,0
539602001,V,08/04/2005,"7 11 25 31 50","1 3",,,0,18.036.328,0,0
540302001,V,15/04/2005,"6 28 31 38 42","3 9",,,0,11.943.452,0,0
541002001,V,22/04/2005,"3 10 13 24 47","5 9",,,0,12.304.972,0,0
541702001,V,29/04/2005,"3 9 35 39 42","1 8",,,0,11.316.264,0,0
542402001,V,06/05/2005,"7 12 21 26 44","6 8",,,0,11.751.310,0,0
543102001,V,13/05/2005,"12 17 31 32 40","2 9",,,0,13.281.994,0,0
543802001,V,20/05/2005,"6 7 13 28 47","5 8",,,0,15.274.024,0,0
544502001,V,27/05/2005,"2 24 31 48 50","4 9",,,0,11.876.218,0,0
545202001,V,03/06/2005,"3 8 11 17 50","1 5",,,0,12.164.650,0,0
545902001,V,10/06/2005,"6 7 32 37 47","1 7",,,0,12.658.324,0,0
546602001,V,17/06/2005,"4 8 10 18 21","1 7",,,0,13.541.498,0,0
547302001,V,24/06/2005,"6 8 14 15 45","7 8",,,0,14.450.472,0,0
548002001,V,01/07/2005,"4 5 23 25 28","3 4",,,0,16.971.354,0,0
548702001,V,08/07/2005,"35 36 42 46 49","2 8",,,0,17.950.678,0,0
549402001,V,15/07/2005,"1 11 12 23 42","3 6",,,0,19.832.118,0,0
550102001,V,22/07/2005,"3 14 41 48 49","1 4",,,0,22.126.340,0,0
550802001,V,29/07/2005,"3 19 26 49 50","4 5",,,0,24.667.092,0,0
551502001,V,05/08/2005,"2 11 21 22 30","4 6",,,0,13.184.756,0,0
552202001,V,12/08/2005,"15 23 30 37 40","7 9",,,0,13.395.142,0,0
552902001,V,19/08/2005,"11 24 29 31 41","1 3",,,0,13.123.964,0,0
553602001,V,26/08/2005,"9 29 35 40 41","1 6",,,0,13.926.422,0,0
554302001,V,02/09/2005,"3 4 14 43 50","3 6",,,0,14.922.188,0,0
555002001,V,09/09/2005,"8 12 19 31 50","6 7",,,0,15.064.944,0,0
555702001,V,16/09/2005,"12 13 19 21 38","3 9",,,0,15.615.720,0,0
556402001,V,23/09/2005,"1 26 31 34 47","4 9",,,0,12.487.282,0,0
557102001,V,30/09/2005,"6 11 47 48 50","1 6",,,0,13.224.994,0,0
557802001,V,07/10/2005,"2 13 21 26 44","3 9",,,0,12.613.104,0,0
558502001,V,14/10/2005,"10 11 19 20 23","1 6",,,0,12.080.226,0,0
559202001,V,21/10/2005,"1 14 19 29 33","1 8",,,0,12.033.210,0,0
559902001,V,28/10/2005,"14 36 44 47 50","3 5",,,0,12.564.048,0,0
560602001,V,04/11/2005,"26 36 37 38 42","2 6",,,0,13.077.454,0,0
561302001,V,11/11/2005,"15 16 36 41 42","3 5",,,0,13.581.738,0,0
562002001,V,18/11/2005,"17 18 25 34 48","2 3",,,0,12.031.728,0,0
562702001,V,25/11/2005,"1 6 27 39 47","1 6",,,0,12.660.028,0,0
563402001,V,02/12/2005,"1 9 20 23 30","4 7",,,0,13.162.408,0,0
564102001,V,09/12/2005,"11 18 35 38 42","1 5",,,0,12.832.002,0,0
564802001,V,16/12/2005,"2 3 15 18 32","6 7",,,0,14.449.660,0,0
565502001,V,23/12/2005,"15 31 36 37 42","1 7",,,0,16.254.778,0,0
566202001,V,30/12/2005,"8 16 19 43 45","1 4",,,0,17.569.990,0,0
566902001,V,06/01/2006,"2 6 9 14 26","4 5",,,0,16.469.512,0,0
567602001,V,13/01/2006,"8 12 19 33 34","1 6",,,0,22.342.486,0,0
568302001,V,20/01/2006,"12 15 33 44 50","2 6",,,0,24.559.416,0,0
569002001,V,27/01/2006,"9 15 21 40 49","1 4",,,0,25.775.560,0,0
569702001,V,03/02/2006,"9 21 30 39 50","1 3",,,0,31.658.988,0,0
570402001,V,10/02/2006,"5 6 38 48 50","6 7",,,0,16.366.472,0,0
571102001,V,17/02/2006,"4 23 24 26 38","2 4",,,0,16.462.572,0,0
571802001,V,24/02/2006,"1 11 18 19 47","3 7",,,0,14.934.572,0,0
572502001,V,03/03/2006,"3 5 8 10 44","3 5",,,0,15.348.060,0,0
573202001,V,10/03/2006,"1 21 33 45 49","4 8",,,0,16.077.252,0,0
573902001,V,17/03/2006,"5 32 44 45 50","1 7",,,0,16.537.282,0,0
574602001,V,24/03/2006,"17 28 33 35 47","4 9",,,0,16.565.294,0,0
575302001,V,31/03/2006,"3 20 31 45 50","6 7",,,0,17.090.640,0,0
576002001,V,07/04/2006,"12 13 29 44 50","4 5",,,0,14.427.424,0,0
576702001,V,14/04/2006,"16 26 34 35 49","2 6",,,0,12.232.148,0,0
577402001,V,21/04/2006,"1 20 22 37 46","1 9",,,0,13.683.140,0,0
578102001,V,28/04/2006,"5 10 17 22 33","5 7",,,0,14.482.134,0,0
578802001,V,05/05/2006,"4 8 14 16 50","3 9",,,0,13.382.582,0,0
579502001,V,12/05/2006,"5 20 23 34 50","1 5",,,0,14.132.572,0,0
580202001,V,19/05/2006,"3 5 25 34 49","5 8",,,0,13.472.352,0,0
580902001,V,26/05/2006,"2 12 21 41 49","3 7",,,0,13.495.566,0,0
581602001,V,02/06/2006,"7 8 27 41 48","1 6",,,0,13.211.568,0,0
582302001,V,09/06/2006,"3 12 15 34 39","4 6",,,0,13.546.776,0,0
583002001,V,16/06/2006,"1 16 26 30 36","3 9",,,0,14.082.868,0,0
583702001,V,23/06/2006,"9 21 30 43 44","1 9",,,0,14.692.092,0,0
584402001,V,30/06/2006,"6 15 16 40 43","1 2",,,0,15.717.754,0,0
585102001,V,07/07/2006,"7 9 18 35 43","5 7",,,0,16.742.474,0,0
585802001,V,14/07/2006,"1 7 17 31 36","2 8",,,0,13.170.048,0,0
586502001,V,21/07/2006,"2 4 9 38 50","6 8",,,0,13.518.062,0,0
587202001,V,28/07/2006,"3 8 12 29 43","6 7",,,0,12.946.230,0,0
587902001,V,04/08/2006,"1 14 15 26 32","3 7",,,0,13.256.158,0,0
588602001,V,11/08/2006,"27 28 31 46 47","2 5",,,0,13.482.540,0,0
589302001,V,18/08/2006,"12 37 39 40 50","1 2",,,0,13.505.462,0,0
590002001,V,25/08/2006,"10 28 40 47 48","6 8",,,0,14.526.464,0,0
590702001,V,01/09/2006,"3 7 25 45 50","6 9",,,0,12.723.868,0,0
591402001,V,08/09/2006,"1 10 12 32 33","1 8",,,0,13.196.358,0,0
592102001,V,15/09/2006,"6 10 16 26 49","7 9",,,0,13.971.178,0,0
592802001,V,22/09/2006,"10 29 30 45 49","3 8",,,0,14.768.084,0,0
593502001,V,29/09/2006,"1 3 6 18 24","5 8",,,0,15.584.358,0,0
594202001,V,06/10/2006,"5 11 22 35 38","7 8",,,0,16.414.428,0,0
594902001,V,13/10/2006,"2 25 32 38 41","3 5",,,0,18.754.854,0,0
595602001,V,20/10/2006,"10 19 34 45 47","3 6",,,0,21.997.104,0,0
596302001,V,27/10/2006,"3 4 8 44 50","7 8",,,0,23.726.126,0,0
597002001,V,03/11/2006,"11 13 24 44 49","3 9",,,0,24.719.390,0,0
597702001,V,10/11/2006,"14 21 27 30 36","2 3",,,0,26.550.244,0,0
598402001,V,17/11/2006,"12 22 32 33 36","2 6",,,0,36.592.064,0,0
599102001,V,24/11/2006,"5 8 17 25 40","1 5",,,0,18.143.350,0,0
599802001,V,01/12/2006,"4 8 16 37 41","2 5",,,0,16.343.836,0,0
600502001,V,08/12/2006,"16 17 18 36 47","1 2",,,0,14.419.766,0,0
601202001,V,15/12/2006,"9 23 35 37 42","3 7",,,0,16.666.112,0,0
601902001,V,22/12/2006,"9 11 20 38 43","2 3",,,0,17.149.290,0,0
602602001,V,29/12/2006,"6 9 13 14 35","3 4",,,0,17.757.308,0,0
603302001,V,05/01/2007,"17 19 29 36 45","5 6",,,0,18.060.822,0,0
604002001,V,12/01/2007,"8 11 14 19 25","3 5",,,0,16.262.594,0,0
604702001,V,19/01/2007,"5 13 27 33 42","2 4",,,0,15.565.478,0,0
605402001,V,26/01/2007,"11 15 23 30 38","4 9",,,0,14.940.578,0,0
606102001,V,02/02/2007,"14 23 27 30 36","1 6",,,0,16.821.248,0,0
606802001,V,09/02/2007,"14 16 30 36 46","2 8",,,0,26.667.526,0,0
607502001,V,16/02/2007,"8 19 20 39 50","6 9",,,0,15.715.782,0,0
608202001,V,23/02/2007,"2 15 18 20 22","2 5",,,0,16.238.678,0,0
608902001,V,02/03/2007,"3 16 34 38 48","5 8",,,0,16.875.690,0,0
609602001,V,09/03/2007,"2 3 25 43 48","6 9",,,0,15.066.804,0,0
610302001,V,16/03/2007,"4 14 31 45 49","4 9",,,0,15.640.474,0,0
611002001,V,23/03/2007,"5 13 17 40 43","1 3",,,0,16.151.386,0,0
611702001,V,30/03/2007,"9 17 19 41 46","1 8",,,0,14.981.002,0,0
612402001,V,06/04/2007,"15 23 29 41 48","3 6",,,0,13.240.748,0,0
613102001,V,13/04/2007,"7 20 25 38 41","3 7",,,0,14.972.526,0,0
613802001,V,20/04/2007,"23 26 32 41 45","3 7",,,0,14.888.746,0,0
614502001,V,27/04/2007,"7 18 27 36 44","1 2",,,0,15.319.430,0,0
615202001,V,04/05/2007,"6 17 35 41 45","1 5",,,0,15.915.898,0,0
615902001,V,11/05/2007,"7 12 26 29 49","2 6",,,0,16.498.102,0,0
616602001,V,18/05/2007,"26 34 37 39 49","2 6",,,0,14.590.016,0,0
617302001,V,25/05/2007,"25 26 29 49 50","7 8",,,0,14.616.746,0,0
618002001,V,01/06/2007,"6 22 37 41 42","6 9",,,0,14.547.590,0,0
618702001,V,08/06/2007,"1 15 17 25 45","2 8",,,0,14.291.406,0,0
619402001,V,15/06/2007,"5 7 14 21 40","3 8",,,0,16.540.588,0,0
620102001,V,22/06/2007,"11 16 17 22 34","5 6",,,0,14.798.640,0,0
620802001,V,29/06/2007,"8 12 28 33 45","1 3",,,0,15.282.430,0,0
621502001,V,06/07/2007,"4 5 19 39 41","8 9",,,0,16.320.308,0,0
622202001,V,13/07/2007,"9 13 15 31 48","3 6",,,0,17.585.608,0,0
622902001,V,20/07/2007,"10 21 25 26 50","4 9",,,0,14.935.444,0,0
623602001,V,27/07/2007,"1 4 21 29 41","7 8",,,0,15.477.294,0,0
624302001,V,03/08/2007,"10 30 33 37 41","1 8",,,0,16.041.452,0,0
625002001,V,10/08/2007,"23 40 42 43 49","2 6",,,0,16.693.566,0,0
625702001,V,17/08/2007,"2 3 13 38 42","7 8",,,0,13.817.184,0,0
626402001,V,24/08/2007,"1 3 16 42 48","2 3",,,0,14.912.888,0,0
627102001,V,31/08/2007,"6 18 22 23 37","5 6",,,0,15.843.714,0,0
627802001,V,07/09/2007,"2 3 33 34 42","3 5",,,0,14.966.562,0,0
628502001,V,14/09/2007,"5 9 11 29 33","7 9",,,0,14.708.192,0,0
629202001,V,21/09/2007,"1 17 32 35 37","1 8",,,0,15.590.352,0,0
629902001,V,28/09/2007,"22 30 34 35 44","4 5",,,0,34.830.000,0,0
630602001,V,05/10/2007,"11 20 27 35 44","2 5",,,0,17.495.192,0,0
631302001,V,12/10/2007,"21 32 36 46 47","3 4",,,0,15.125.348,0,0
632002001,V,19/10/2007,"7 18 34 35 40","7 8",,,0,15.984.546,0,0
632702001,V,26/10/2007,"7 20 38 40 43","1 8",,,0,16.697.120,0,0
633402001,V,02/11/2007,"3 16 18 19 40","1 2","41.136.124,00",1,8.837.395,17.674.790,0,8.837.395
634102001,V,09/11/2007,"5 14 22 25 36","5 6","7.500.000,00",2,7.991.106,15.982.212,0,7.991.106
634802001,V,16/11/2007,"9 18 23 33 37","1 8","0,00",0,7.937.840,15.875.680,0,7.937.840
635502001,V,23/11/2007,"2 10 22 29 48","3 9","27.375.964,00",1,8.045.091,16.090.182,0,8.045.091
636202001,V,30/11/2007,"12 19 20 30 38","7 9","0,00",0,7.768.269,15.536.538,0,7.768.269
636902001,V,07/12/2007,"2 4 32 43 48","1 7","27.552.424,00",1,8.130.543,16.261.086,0,8.130.543
637602001,V,14/12/2007,"8 25 30 36 44","3 4","0,00",0,7.911.567,15.823.134,0,7.911.567
638302001,V,21/12/2007,"7 9 28 37 44","6 7","27.716.872,00",1,8.381.966,16.763.932,0,8.381.966
639002001,V,28/12/2007,"20 21 22 31 45","7 9","0,00",0,7.787.067,15.574.134,0,7.787.067
639702001,V,04/01/2008,"10 12 24 25 41","3 5","0,00",0,8.253.012,16.506.024,0,8.253.012
640402001,V,11/01/2008,"8 24 36 49 50","4 8","0,00",0,9.718.010,19.436.020,0,9.718.010
641102001,V,18/01/2008,"14 16 23 40 46","4 8","0,00",0,10.726.134,21.452.268,0,10.726.134
641802001,V,25/01/2008,"2 6 9 19 45","7 8","76.611.579,20",1,11.887.441,23.774.882,0,11.887.441
642502001,V,01/02/2008,"22 30 45 47 49","4 9","0,00",0,8.936.502,17.873.004,0,8.936.502
643202001,V,08/02/2008,"17 28 30 38 44","1 4","0,00",0,19.177.910,38.355.820,0,19.177.910
643902001,V,15/02/2008,"12 27 29 45 46","4 7","0,00",0,9.672.575,19.345.150,0,9.672.575
644602001,V,22/02/2008,"4 27 32 46 50","8 9","28.912.566,00",1,9.747.059,19.494.118,0,9.747.059
645302001,V,29/02/2008,"12 37 40 47 49","2 9","15.000.000,00",1,8.943.766,17.887.532,0,8.943.766
646002001,V,07/03/2008,"2 7 14 17 35","1 6","0,00",0,8.626.314,17.252.628,0,8.626.314
646702001,V,14/03/2008,"13 21 25 35 48","4 8","28.239.959,00",1,9.027.491,18.054.982,0,9.027.491
647402001,V,21/03/2008,"2 10 18 22 36","4 6","15.000.000,00",1,6.817.234,13.634.468,0,6.817.234
648102001,V,28/03/2008,"5 9 17 29 39","3 6","0,00",0,8.368.652,16.737.304,0,8.368.652
648802001,V,04/04/2008,"11 13 18 37 47","1 6","0,00",0,8.817.338,17.634.676,0,8.817.338
649502001,V,11/04/2008,"6 25 30 45 50","5 7","0,00",0,9.426.696,18.853.392,0,9.426.696
650202001,V,18/04/2008,"3 6 7 27 50","5 9","58.367.681,00",1,9.942.455,19.884.910,0,9.942.455
650902001,V,25/04/2008,"4 19 26 27 30","3 8","0,00",0,8.310.710,16.621.420,0,8.310.710
651602001,V,02/05/2008,"2 26 37 45 48","4 8","0,00",0,8.192.654,16.385.308,0,8.192.654
652302001,V,09/05/2008,"8 9 40 42 45","6 7","0,00",0,9.096.261,18.192.522,0,9.096.261
653002001,V,16/05/2008,"6 9 15 25 38","4 9","55.609.411,00",1,9.574.596,19.149.192,0,9.574.596
653702001,V,23/05/2008,"5 9 19 21 38","1 7","3.750.000,00",4,8.054.966,16.109.932,0,8.054.966
654402001,V,30/05/2008,"5 7 14 20 49","2 8","15.000.000,00",1,8.191.209,16.382.418,0,8.191.209
655102001,V,06/06/2008,"7 19 21 40 50","2 9","0,00",0,8.274.121,16.548.242,0,8.274.121
655802001,V,13/06/2008,"13 16 37 44 50","1 9","0,00",0,8.411.253,16.822.506,0,8.411.253
656502001,V,20/06/2008,"8 11 36 37 45","3 5","0,00",0,9.036.931,18.073.862,0,9.036.931
657202001,V,27/06/2008,"5 20 26 44 50","5 7","58.278.336,64",1,9.366.208,18.732.416,0,9.366.208
657902001,V,04/07/2008,"7 19 22 27 48","5 7","15.000.000,00",1,8.068.580,16.137.160,0,8.068.580
658602001,V,11/07/2008,"9 11 13 19 37","3 4","15.000.000,00",1,7.904.282,15.808.564,0,7.904.282
659302001,V,18/07/2008,"10 14 16 29 44","5 6","15.000.000,00",1,7.883.384,15.766.768,0,7.883.384
660002001,V,25/07/2008,"7 11 15 24 29","2 7","0,00",0,7.533.197,15.066.394,0,7.533.197
660702001,V,01/08/2008,"1 22 25 40 50","1 8","0,00",0,8.300.988,16.601.976,0,8.300.988
661402001,V,08/08/2008,"4 5 15 16 45","4 7","0,00",0,8.566.416,17.132.832,0,8.566.416
662102001,V,15/08/2008,"11 17 18 26 31","5 6","0,00",0,8.071.016,16.142.032,0,8.071.016
662802001,V,22/08/2008,"7 27 29 39 50","5 7","0,00",0,9.375.942,18.751.884,0,9.375.942
663502001,V,29/08/2008,"2 20 25 37 39","5 8","0,00",0,10.622.174,21.244.348,0,10.622.174
664202001,V,05/09/2008,"7 12 16 17 39","3 8","59.674.853,00",2,13.664.923,27.329.846,0,13.664.923
664902001,V,12/09/2008,"19 23 33 37 50","3 7","15.000.000,00",1,8.966.998,17.933.996,0,8.966.998
665602001,V,19/09/2008,"14 16 19 20 31","6 9","0,00",0,8.797.273,17.594.546,0,8.797.273
666302001,V,26/09/2008,"14 29 31 33 37","1 2","0,00",0,14.611.399,29.222.798,0,14.611.399
667002001,V,03/10/2008,"4 13 19 23 38","2 3","0,00",0,9.482.812,18.965.624,0,9.482.812
667702001,V,10/10/2008,"4 15 22 31 41","1 6","29.068.081,00",1,9.690.276,19.380.552,0,9.690.276
668402001,V,17/10/2008,"3 10 12 42 50","1 5","0,00",0,8.726.531,17.453.062,0,8.726.531
669102001,V,24/10/2008,"7 15 16 17 45","6 9","0,00",0,9.108.527,18.217.054,0,9.108.527
669802001,V,31/10/2008,"3 18 25 34 41","2 5","21.415.653,00",2,9.738.893,19.477.786,0,9.738.893
670502001,V,07/11/2008,"1 9 12 17 18","3 4","15.000.000,00",1,8.656.471,17.312.942,0,8.656.471
671202001,V,14/11/2008,"8 10 14 21 26","3 4","15.000.000,00",1,8.557.599,17.115.198,0,8.557.599
671902001,V,21/11/2008,"9 14 21 49 50","3 8","0,00",0,8.282.470,16.564.940,0,8.282.470
672602001,V,28/11/2008,"8 11 16 25 41","2 4","28.044.446,00",1,8.697.977,17.395.954,0,8.697.977
673302001,V,05/12/2008,"4 8 21 35 45","5 8","15.000.000,00",1,8.371.744,16.743.488,0,8.371.744
674002001,V,12/12/2008,"2 19 28 42 49","2 7","7.500.000,00",2,7.984.149,15.968.298,0,7.984.149
674702001,V,19/12/2008,"28 29 40 46 50","5 7","0,00",0,8.030.703,16.061.406,0,8.030.703
675402001,V,26/12/2008,"1 2 26 44 50","1 7","0,00",0,7.850.345,15.700.690,0,7.850.345
676102001,V,02/01/2009,"29 30 36 37 48","1 6","0,00",0,8.811.223,17.622.446,0,8.811.223
676802001,V,09/01/2009,"7 15 22 28 48","1 4","57.199.762,00",1,10.292.489,20.584.978,0,10.292.489
677502001,V,16/01/2009,"3 17 22 49 50","3 6","15.000.000,00",1,8.650.362,17.300.724,0,8.650.362
678202001,V,23/01/2009,"32 33 36 40 49","2 8","0,00",0,8.334.665,16.669.330,0,8.334.665
678902001,V,30/01/2009,"4 29 34 35 46","5 8","28.407.448,00",1,9.081.618,18.163.236,0,9.081.618
679602001,V,06/02/2009,"10 20 30 36 40","3 5","7.500.000,00",2,8.329.431,16.658.862,0,8.329.431
680302001,V,13/02/2009,"22 33 36 40 42","1 2","0,00",0,8.448.580,16.897.160,0,8.448.580
681002001,V,20/02/2009,"9 12 13 14 48","1 2","0,00",0,8.870.767,17.741.534,0,8.870.767
681702001,V,27/02/2009,"5 9 37 44 45","6 9","0,00",0,9.934.134,19.868.268,0,9.934.134
682402001,V,06/03/2009,"13 17 19 25 35","5 6","50.000.000,00",2,15.898.217,31.796.434,0,15.898.217
683102001,V,13/03/2009,"12 24 26 36 42","1 4","0,00",0,9.265.406,18.530.812,0,9.265.406
683802001,V,20/03/2009,"12 16 23 31 35","4 6","14.858.752,00",2,9.186.256,18.372.512,0,9.186.256
684502001,V,27/03/2009,"25 33 36 38 42","6 7","0,00",0,8.661.072,17.322.144,0,8.661.072
685202001,V,03/04/2009,"2 20 24 32 46","1 9","0,00",0,9.062.668,18.125.336,0,9.062.668
685902001,V,10/04/2009,"9 14 16 37 46","2 4","0,00",0,8.201.286,16.402.572,0,8.201.286
686602001,V,17/04/2009,"4 7 21 44 47","1 5","0,00",0,10.486.527,20.973.054,0,10.486.527
687302001,V,24/04/2009,"4 14 21 24 41","5 8","0,00",0,11.279.886,22.559.772,0,11.279.886
688002001,V,01/05/2009,"5 19 31 38 47","3 5","0,00",0,11.988.871,23.977.742,0,11.988.871
688702001,V,08/05/2009,"4 23 24 29 31","8 9","126.231.764,00",1,13.827.484,27.654.968,0,13.827.484
689402001,V,15/05/2009,"8 18 19 20 42","5 9","15.000.000,00",1,9.103.933,18.207.866,0,9.103.933
690102001,V,22/05/2009,"4 13 14 33 43","1 6","0,00",0,9.005.839,18.011.678,0,9.005.839
690802001,V,29/05/2009,"2 5 30 37 47","3 6","0,00",0,9.383.746,18.767.492,0,9.383.746
691502001,V,05/06/2009,"11 19 26 35 40","2 5","0,00",0,10.119.819,20.239.638,0,10.119.819
692202001,V,12/06/2009,"6 14 16 34 50","4 6","29.430.608,00",2,10.575.255,21.150.510,0,10.575.255
692902001,V,19/06/2009,"4 16 17 20 29","5 7","15.000.000,00",1,8.752.431,17.504.862,0,8.752.431
693602001,V,26/06/2009,"6 11 21 30 39","2 8","0,00",0,8.438.395,16.876.790,0,8.438.395
694302001,V,03/07/2009,"21 29 34 46 47","6 8","0,00",0,9.044.444,18.088.888,0,9.044.444
695002001,V,10/07/2009,"6 16 20 42 46","1 6","0,00",0,9.889.664,19.779.328,0,9.889.664
695702001,V,17/07/2009,"2 8 17 32 50","3 7","57.528.118,00",1,10.315.895,20.631.790,0,10.315.895
696402001,V,24/07/2009,"14 15 25 35 47","5 9","0,00",0,8.640.187,17.280.374,0,8.640.187
697102001,V,31/07/2009,"5 9 20 21 26","3 6","0,00",0,9.188.233,18.376.466,0,9.188.233
697802001,V,07/08/2009,"10 20 22 24 31","2 7","0,00",0,9.532.609,19.065.218,0,9.532.609
698502001,V,14/08/2009,"5 8 24 30 49","3 9","0,00",0,9.987.607,19.975.214,0,9.987.607
699202001,V,21/08/2009,"4 7 16 31 42","3 5","37.570.330,00",2,10.483.000,20.966.000,0,10.483.000
699902001,V,28/08/2009,"8 36 37 41 49","5 7","0,00",0,8.610.329,17.220.658,0,8.610.329
700602001,V,04/09/2009,"6 9 20 38 39","3 9","0,00",0,9.314.471,18.628.942,0,9.314.471
701302001,V,11/09/2009,"12 15 35 42 43","4 6","0,00",0,9.725.685,19.451.370,0,9.725.685
702002001,V,18/09/2009,"6 16 30 38 41","2 4","100.000.000,00",1,14.255.492,28.510.984,0,14.255.492
702702001,V,25/09/2009,"6 17 18 21 34","3 9","15.000.000,00",1,9.269.527,18.539.054,0,9.269.527
703402001,V,02/10/2009,"22 23 24 29 44","1 5","0,00",0,9.094.856,18.189.712,0,9.094.856
704102001,V,09/10/2009,"7 11 29 46 50","4 7","0,00",0,9.705.101,19.410.202,0,9.705.101
704802001,V,16/10/2009,"12 23 30 31 47","3 4","0,00",0,10.724.599,21.449.198,0,10.724.599
705502001,V,23/10/2009,"6 18 20 29 31","2 8","0,00",0,10.798.972,21.597.944,0,10.798.972
706202001,V,30/10/2009,"9 33 35 38 40","2 6","0,00",0,12.049.952,24.099.904,0,12.049.952
706902001,V,06/11/2009,"11 19 34 43 45","5 9","51.099.838,00",2,13.856.611,27.713.222,0,13.856.611
707602001,V,13/11/2009,"13 15 25 26 32","3 4","16.569.317,00",1,9.565.601,19.131.202,0,9.565.601
708302001,V,20/11/2009,"5 9 28 43 47","2 9","15.000.000,00",1,9.458.746,18.917.492,0,9.458.746
709002001,V,27/11/2009,"5 8 13 15 33","8 9","0,00",0,9.218.532,18.437.064,0,9.218.532
709702001,V,04/12/2009,"18 19 25 30 44","1 3","0,00",0,9.723.837,19.447.674,0,9.723.837
710402001,V,11/12/2009,"20 41 43 44 46","2 9","0,00",0,10.023.332,20.046.664,0,10.023.332
711102001,V,18/12/2009,"14 30 32 35 49","3 8","59.459.744,00",1,10.454.558,20.909.116,0,10.454.558
711802001,V,25/12/2009,"4 5 14 17 34","3 5","0,00",0,7.705.940,15.411.880,0,7.705.940
712502001,V,01/01/2010,"9 22 24 27 36","5 7","0,00",0,8.646.487,17.292.974,0,8.646.487
713202001,V,08/01/2010,"4 5 14 44 46","8 9","0,00",0,10.417.748,20.835.496,0,10.417.748
713902001,V,15/01/2010,"11 26 29 49 50","4 7","29.703.685,00",2,11.326.411,22.652.822,0,11.326.411
714602001,V,22/01/2010,"4 22 27 36 44","7 9","0,00",0,9.346.335,18.692.670,0,9.346.335
715302001,V,29/01/2010,"9 17 30 39 43","5 7","29.242.656,00",1,9.835.903,19.671.806,0,9.835.903
716002001,V,05/02/2010,"34 35 38 39 46","3 4","0,00",0,14.419.072,28.838.144,0,14.419.072
716702001,V,12/02/2010,"1 5 18 38 45","4 6","64.809.203,00",2,15.467.312,30.934.624,0,15.467.312
717402001,V,19/02/2010,"12 31 37 38 43","2 3","0,00",0,9.756.213,19.512.426,0,9.756.213
718102001,V,26/02/2010,"7 11 18 29 42","6 7","0,00",0,10.303.836,20.607.672,0,10.303.836
718802001,V,05/03/2010,"12 18 19 43 49","3 9","46.258.004,00",1,11.039.166,22.078.332,0,11.039.166
719502001,V,12/03/2010,"1 26 33 36 46","6 7","0,00",0,9.543.590,19.087.180,0,9.543.590
720202001,V,19/03/2010,"10 28 30 38 39","2 7","0,00",0,9.578.851,19.157.702,0,9.578.851
720902001,V,26/03/2010,"8 16 18 37 43","2 6","44.378.829,00",1,10.849.440,21.698.880,0,10.849.440
721602001,V,02/04/2010,"12 18 24 26 45","4 5","15.000.000,00",1,8.177.899,16.355.798,0,8.177.899
722302001,V,09/04/2010,"7 21 23 24 44","3 4","0,00",0,9.298.321,18.596.642,0,9.298.321
723002001,V,16/04/2010,"9 11 17 26 40","3 9","0,00",0,9.789.995,19.579.990,0,9.789.995
723702001,V,23/04/2010,"3 7 8 43 46","6 8","0,00",0,10.253.319,20.506.638,0,10.253.319
724402001,V,30/04/2010,"6 22 24 25 36","3 8","0,00",0,11.090.622,22.181.244,0,11.090.622
725102001,V,07/05/2010,"3 6 15 21 32","7 9","0,00",0,12.311.320,24.622.640,0,12.311.320
725802001,V,14/05/2010,"1 17 31 43 47","2 3","100.037.101,00",1,13.726.481,27.452.962,0,13.726.481
726502001,V,21/05/2010,"7 19 30 38 50","4 7","15.000.000,00",1,9.397.046,18.794.092,0,9.397.046
727202001,V,28/05/2010,"4 9 31 32 33","3 7","15.000.000,00",1,9.270.707,18.541.414,0,9.270.707
727902001,V,04/06/2010,"4 17 34 40 42","4 9","15.000.000,00",1,9.015.699,18.031.398,0,9.015.699
728602001,V,11/06/2010,"2 22 24 36 44","1 2","15.000.000,00",1,9.067.632,18.135.264,0,9.067.632
729302001,V,18/06/2010,"2 29 31 32 38","1 4","0,00",0,8.851.613,17.703.226,0,8.851.613
730002001,V,25/06/2010,"1 8 18 28 31","8 9","27.989.077,00",1,9.141.994,18.283.988,0,9.141.994
730702001,V,02/07/2010,"12 13 36 41 46","1 8","0,00",0,8.660.659,17.321.318,0,8.660.659
731402001,V,09/07/2010,"9 24 37 39 49","3 9","0,00",0,9.118.527,18.237.054,0,9.118.527
732102001,V,16/07/2010,"38 39 45 46 49","7 8","42.218.533,00",1,9.710.370,19.420.740,0,9.710.370
732802001,V,23/07/2010,"4 13 35 37 46","3 9","0,00",0,8.548.339,17.096.678,0,8.548.339
733502001,V,30/07/2010,"3 4 11 28 39","2 8","28.092.206,00",1,9.033.081,18.066.162,0,9.033.081
734202001,V,06/08/2010,"13 25 28 29 42","4 5","15.000.000,00",1,8.350.006,16.700.012,0,8.350.006
734902001,V,13/08/2010,"4 9 15 21 47","2 7","5.000.000,00",3,8.260.478,16.520.956,0,8.260.478
735602001,V,20/08/2010,"5 27 31 40 42","1 6","15.000.000,00",1,7.943.551,15.887.102,0,7.943.551
736302001,V,27/08/2010,"1 6 13 30 49","1 9","7.500.000,00",2,7.952.887,15.905.774,0,7.952.887
737002001,V,03/09/2010,"13 24 26 47 49","4 8","15.000.000,00",1,8.359.449,16.718.898,0,8.359.449
737702001,V,10/09/2010,"17 21 35 41 45","1 5","15.000.000,00",1,8.478.728,16.957.456,0,8.478.728
738402001,V,17/09/2010,"17 27 29 38 50","1 3","0,00",0,8.368.739,16.737.478,0,8.368.739
739102001,V,24/09/2010,"1 4 16 40 48","1 9","14.337.323,00",2,10.204.532,20.409.064,0,10.204.532
739802001,V,01/10/2010,"1 4 6 27 48","1 6","0,00",0,16.032.494,32.064.988,0,16.032.494
740502001,V,08/10/2010,"9 30 35 39 46","6 8","129.818.431,00",1,17.403.485,34.806.970,0,17.403.485
741202001,V,15/10/2010,"2 31 36 38 43","3 7","0,00",0,9.635.324,19.270.648,0,9.635.324
741902001,V,22/10/2010,"4 5 9 11 39","3 5","14.710.590,00",2,10.076.839,20.153.678,0,10.076.839
742602001,V,29/10/2010,"16 20 22 32 42","8 9","0,00",0,9.378.250,18.756.500,0,9.378.250
743302001,V,05/11/2010,"21 23 33 40 50","4 5","29.087.861,00",1,9.878.695,19.757.390,0,9.878.695
744002001,V,12/11/2010,"7 19 23 29 47","1 6","0,00",0,9.419.532,18.839.064,0,9.419.532
744702001,V,19/11/2010,"12 15 32 36 45","7 9","0,00",0,9.880.085,19.760.170,0,9.880.085
745402001,V,26/11/2010,"9 28 36 41 49","5 7","45.322.973,00",1,10.447.983,20.895.966,0,10.447.983
746102001,V,03/12/2010,"8 19 28 32 46","4 7","0,00",0,9.263.560,18.527.120,0,9.263.560
746802001,V,10/12/2010,"2 3 10 33 46","7 8","0,00",0,9.326.831,18.653.662,0,9.326.831
747502001,V,17/12/2010,"3 20 29 35 42","3 8","43.677.118,00",1,10.270.606,20.541.212,0,10.270.606
748202001,V,24/12/2010,"19 36 38 42 46","2 8","19.106.757,00",1,9.106.756,18.213.512,0,9.106.756
748902001,V,31/12/2010,"2 24 34 38 43","1 7","15.338.239,00",1,9.347.656,18.695.312,0,9.347.656
749602001,V,07/01/2011,"1 22 32 48 50","6 7","15.000.000,00",1,9.303.055,18.606.110,0,9.303.055
750302002,V,14/01/2011,"2 14 24 39 44","6 7","0,00",0,9.770.933,19.541.866,0,9.770.933
751002003,V,21/01/2011,"3 11 13 18 21","4 5","14.502.127,00",2,10.595.576,21.191.152,0,10.595.576
751702004,V,28/01/2011,"13 23 24 41 42","1 5","0,00",0,10.269.435,20.538.870,0,10.269.435
752402005,V,04/02/2011,"2 11 24 35 47","5 9","5.789.546,00",5,10.396.950,20.793.900,0,10.396.950
753102006,V,11/02/2011,"12 14 15 19 23","7 8","0,00",0,9.717.903,19.435.806,0,9.717.903
753802007,V,18/02/2011,"2 3 15 45 49","5 9","0,00",0,9.980.332,19.960.664,0,9.980.332
754502008,V,25/02/2011,"12 13 42 45 48","3 9","0,00",0,11.028.338,22.056.676,0,11.028.338
755202009,V,04/03/2011,"11 25 27 28 41","5 8","0,00",0,13.853.163,27.706.326,0,13.853.163
755902010,V,11/03/2011,"17 19 24 37 46","2 7","0,00",0,15.075.426,30.150.852,0,15.075.426
756602011,V,18/03/2011,"1 13 20 26 50","6 7","0,00",0,16.487.195,32.974.390,0,16.487.195
757302012,V,25/03/2011,"6 12 21 27 33","3 7","69.105.267,00",2,17.777.909,35.555.818,0,17.777.909
758002013,V,01/04/2011,"4 17 21 22 33","4 8","15.000.000,00",1,10.694.173,21.388.346,0,10.694.173
758702014,V,08/04/2011,"21 23 38 47 50","2 6","0,00",0,10.302.812,20.605.624,0,10.302.812
759402015,V,15/04/2011,"4 6 21 39 41","2 6","0,00",0,10.772.138,21.544.276,0,10.772.138
760102016,V,22/04/2011,"11 22 36 45 48","1 4","43.415.570,00",1,9.434.823,18.869.646,0,9.434.823
760802017,V,29/04/2011,"15 25 38 40 41","1 2","0,00",0,9.649.934,19.299.868,0,9.649.934
761502018,V,06/05/2011,"11 16 20 22 28","4 9","28.772.008,00",1,10.234.999,20.469.998,28.000.000,10.234.999
761902019,M,10/05/2011,"3 10 15 28 45","5 7","0,00",0,7.635.029,15.270.058,100.000.000,7.635.029
762202020,V,13/05/2011,"9 11 17 36 47","1 2","121.019.633,00",1,10.861.375,21.722.750,123.000.000,10.861.375
762602021,M,17/05/2011,"20 21 37 45 46","2 3","0,00",0,4.671.719,9.343.438,15.000.000,4.671.719
762902022,V,20/05/2011,"10 14 20 25 42","8 11","27.642.654,00",1,8.729.376,17.458.752,25.000.000,8.729.376
763302023,M,24/05/2011,"16 23 24 26 29","2 9","0,00",0,4.527.280,9.054.560,15.000.000,4.527.280
763602024,V,27/05/2011,"9 17 25 28 49","8 9","0,00",0,8.563.332,17.126.664,26.000.000,8.563.332
764002025,M,31/05/2011,"1 9 10 22 50","5 11","0,00",0,4.977.925,9.955.850,33.000.000,4.977.925
764302026,V,03/06/2011,"4 39 40 49 50","2 5","0,00",0,9.069.465,18.138.930,46.000.000,9.069.465
764702027,M,07/06/2011,"6 25 36 38 40","4 10","0,00",0,5.711.140,11.422.280,54.000.000,5.711.140
765002028,V,10/06/2011,"3 19 20 37 48","8 11","0,00",0,9.651.527,19.303.054,68.000.000,9.651.527
765402029,M,14/06/2011,"5 12 19 41 48","8 10","0,00",0,5.980.629,11.961.258,76.000.000,5.980.629
765702030,V,17/06/2011,"11 16 21 22 44","3 8","0,00",0,10.134.561,20.269.122,91.000.000,10.134.561
766102031,M,21/06/2011,"17 20 35 49 50","3 4","0,00",0,6.909.920,13.819.840,101.000.000,6.909.920
766402032,V,24/06/2011,"5 16 20 30 41","6 11","0,00",0,10.027.064,20.054.128,119.000.000,10.027.064
766802033,M,28/06/2011,"15 16 30 44 50","2 3","0,00",0,7.580.355,15.160.710,132.000.000,7.580.355
767102034,V,01/07/2011,"8 11 23 31 46","8 9","0,00",0,11.828.068,23.656.136,152.000.000,11.828.068
767502035,M,05/07/2011,"11 28 29 47 49","1 5","0,00",0,9.296.255,18.592.510,171.000.000,9.296.255
767802036,V,08/07/2011,"12 13 23 40 49","7 10","0,00",0,15.199.786,30.399.572,185.000.000,15.199.786
768202037,M,12/07/2011,"17 19 38 42 45","9 10","185.000.000,00",1,11.130.438,22.260.876,185.000.000,11.130.438
768502038,V,15/07/2011,"6 26 33 34 39","3 4","0,00",0,9.892.991,19.785.982,15.000.000,9.892.991
768902039,M,19/07/2011,"3 16 25 26 35","5 9","23.148.546,00",1,6.077.123,12.154.246,21.000.000,6.077.123
769202040,V,22/07/2011,"4 15 23 49 50","2 6","7.500.000,00",2,8.727.935,17.455.870,15.000.000,8.727.935
